round,client,malicious,attack,malicious_ratio,seed,ablate,quality,weight,reputation,slashed
1,0,0,scale,0.3,2,no_qual,0.7498,0.092416,0.5,0
1,1,0,scale,0.3,2,no_qual,0.6983,0.138327,0.5,0
1,2,1,scale,0.3,2,no_qual,0.0,0.022071,0.5,0
1,3,1,scale,0.3,2,no_qual,0.0,0.036185,0.5,0
1,4,0,scale,0.3,2,no_qual,0.7481,0.226422,0.5,0
1,5,0,scale,0.3,2,no_qual,0.7064,0.065634,0.5,0
1,6,0,scale,0.3,2,no_qual,0.8094,0.201673,0.5,0
1,7,0,scale,0.3,2,no_qual,0.5553,0.154061,0.5,0
1,8,1,scale,0.3,2,no_qual,0.0,0.022949,0.5,0
1,9,0,scale,0.3,2,no_qual,0.5468,0.040262,0.5,0
2,0,0,scale,0.3,2,no_qual,0.8153,0.094771,0.5,0
2,1,0,scale,0.3,2,no_qual,0.7867,0.141864,0.5,0
2,2,1,scale,0.3,2,no_qual,0.0,0.020674,0.5,0
2,3,1,scale,0.3,2,no_qual,0.0,0.018152,0.5,0
2,4,0,scale,0.3,2,no_qual,0.8141,0.23325,0.5,0
2,5,0,scale,0.3,2,no_qual,0.7223,0.067408,0.5,0
2,6,0,scale,0.3,2,no_qual,0.8337,0.207562,0.5,0
2,7,0,scale,0.3,2,no_qual,0.6854,0.158456,0.5,0
2,8,1,scale,0.3,2,no_qual,0.0,0.016477,0.5,0
2,9,0,scale,0.3,2,no_qual,0.7465,0.041386,0.5,0
3,0,0,scale,0.3,2,no_qual,0.7926,0.070667,0.5,0
3,1,0,scale,0.3,2,no_qual,0.7781,0.106083,0.5,0
3,2,1,scale,0.3,2,no_qual,0.0,0.117333,0.5,0
3,3,1,scale,0.3,2,no_qual,0.0,0.058,0.5,0
3,4,0,scale,0.3,2,no_qual,0.7976,0.175833,0.5,0
3,5,0,scale,0.3,2,no_qual,0.6912,0.050167,0.5,0
3,6,0,scale,0.3,2,no_qual,0.8106,0.155667,0.5,0
3,7,0,scale,0.3,2,no_qual,0.6522,0.118583,0.5,0
3,8,1,scale,0.3,2,no_qual,0.0,0.116917,0.5,0
3,9,0,scale,0.3,2,no_qual,0.7217,0.03075,0.5,0
4,0,0,scale,0.3,2,no_qual,0.0944,0.070667,0.5,0
4,1,0,scale,0.3,2,no_qual,0.0912,0.106083,0.5,0
4,2,1,scale,0.3,2,no_qual,0.0515,0.117333,0.5,0
4,3,1,scale,0.3,2,no_qual,0.01,0.058,0.5,0
4,4,0,scale,0.3,2,no_qual,0.0757,0.175833,0.5,0
4,5,0,scale,0.3,2,no_qual,0.0765,0.050167,0.5,0
4,6,0,scale,0.3,2,no_qual,0.0701,0.155667,0.5,0
4,7,0,scale,0.3,2,no_qual,0.0642,0.118583,0.5,0
4,8,1,scale,0.3,2,no_qual,0.0365,0.116917,0.5,0
4,9,0,scale,0.3,2,no_qual,0.0415,0.03075,0.5,0
5,0,0,scale,0.3,2,no_qual,0.086,0.070667,0.5,0
5,1,0,scale,0.3,2,no_qual,0.0966,0.106083,0.5,0
5,2,1,scale,0.3,2,no_qual,0.153,0.117333,0.5,0
5,3,1,scale,0.3,2,no_qual,0.0451,0.058,0.5,0
5,4,0,scale,0.3,2,no_qual,0.1224,0.175833,0.5,0
5,5,0,scale,0.3,2,no_qual,0.0444,0.050167,0.5,0
5,6,0,scale,0.3,2,no_qual,0.1992,0.155667,0.5,0
5,7,0,scale,0.3,2,no_qual,0.0,0.118583,0.5,0
5,8,1,scale,0.3,2,no_qual,0.2121,0.116917,0.5,0
5,9,0,scale,0.3,2,no_qual,0.0229,0.03075,0.5,0
6,0,0,scale,0.3,2,no_qual,0.16,0.070667,0.5,0
6,1,0,scale,0.3,2,no_qual,0.174,0.106083,0.5,0
6,2,1,scale,0.3,2,no_qual,0.0677,0.117333,0.5,0
6,3,1,scale,0.3,2,no_qual,0.0885,0.058,0.5,0
6,4,0,scale,0.3,2,no_qual,0.1836,0.175833,0.5,0
6,5,0,scale,0.3,2,no_qual,0.0526,0.050167,0.5,0
6,6,0,scale,0.3,2,no_qual,0.2412,0.155667,0.5,0
6,7,0,scale,0.3,2,no_qual,0.0,0.118583,0.5,0
6,8,1,scale,0.3,2,no_qual,0.3031,0.116917,0.5,0
6,9,0,scale,0.3,2,no_qual,0.0,0.03075,0.5,0
7,0,0,scale,0.3,2,no_qual,0.0,0.070667,0.5,0
7,1,0,scale,0.3,2,no_qual,0.0,0.106083,0.5,0
7,2,1,scale,0.3,2,no_qual,0.3054,0.117333,0.5,0
7,3,1,scale,0.3,2,no_qual,0.2229,0.058,0.5,0
7,4,0,scale,0.3,2,no_qual,0.0,0.175833,0.5,0
7,5,0,scale,0.3,2,no_qual,0.0,0.050167,0.5,0
7,6,0,scale,0.3,2,no_qual,0.0,0.155667,0.5,0
7,7,0,scale,0.3,2,no_qual,0.0,0.118583,0.5,0
7,8,1,scale,0.3,2,no_qual,0.3863,0.116917,0.5,0
7,9,0,scale,0.3,2,no_qual,0.0,0.03075,0.5,0
8,0,0,scale,0.3,2,no_qual,0.0,0.070667,0.5,0
8,1,0,scale,0.3,2,no_qual,0.0,0.106083,0.5,0
8,2,1,scale,0.3,2,no_qual,0.1612,0.117333,0.5,0
8,3,1,scale,0.3,2,no_qual,0.1468,0.058,0.5,0
8,4,0,scale,0.3,2,no_qual,0.0,0.175833,0.5,0
8,5,0,scale,0.3,2,no_qual,0.0,0.050167,0.5,0
8,6,0,scale,0.3,2,no_qual,0.0305,0.155667,0.5,0
8,7,0,scale,0.3,2,no_qual,0.0,0.118583,0.5,0
8,8,1,scale,0.3,2,no_qual,0.2565,0.116917,0.5,0
8,9,0,scale,0.3,2,no_qual,0.0,0.03075,0.5,0
9,0,0,scale,0.3,2,no_qual,0.928,0.070667,0.5,0
9,1,0,scale,0.3,2,no_qual,0.8957,0.106083,0.5,0
9,2,1,scale,0.3,2,no_qual,0.0,0.117333,0.5,0
9,3,1,scale,0.3,2,no_qual,0.0,0.058,0.5,0
9,4,0,scale,0.3,2,no_qual,0.8931,0.175833,0.5,0
9,5,0,scale,0.3,2,no_qual,0.9149,0.050167,0.5,0
9,6,0,scale,0.3,2,no_qual,0.9286,0.155667,0.5,0
9,7,0,scale,0.3,2,no_qual,0.8847,0.118583,0.5,0
9,8,1,scale,0.3,2,no_qual,0.0,0.116917,0.5,0
9,9,0,scale,0.3,2,no_qual,0.8984,0.03075,0.5,0
10,0,0,scale,0.3,2,no_qual,0.0,0.070667,0.5,0
10,1,0,scale,0.3,2,no_qual,0.0,0.106083,0.5,0
10,2,1,scale,0.3,2,no_qual,0.0,0.117333,0.5,0
10,3,1,scale,0.3,2,no_qual,0.0,0.058,0.5,0
10,4,0,scale,0.3,2,no_qual,0.0,0.175833,0.5,0
10,5,0,scale,0.3,2,no_qual,0.0,0.050167,0.5,0
10,6,0,scale,0.3,2,no_qual,0.0,0.155667,0.5,0
10,7,0,scale,0.3,2,no_qual,0.0,0.118583,0.5,0
10,8,1,scale,0.3,2,no_qual,0.0,0.116917,0.5,0
10,9,0,scale,0.3,2,no_qual,0.0,0.03075,0.5,0
11,0,0,scale,0.3,2,no_qual,0.0,0.070667,0.5,0
11,1,0,scale,0.3,2,no_qual,0.0,0.106083,0.5,0
11,2,1,scale,0.3,2,no_qual,0.0,0.117333,0.5,0
11,3,1,scale,0.3,2,no_qual,0.0,0.058,0.5,0
11,4,0,scale,0.3,2,no_qual,0.0,0.175833,0.5,0
11,5,0,scale,0.3,2,no_qual,0.0,0.050167,0.5,0
11,6,0,scale,0.3,2,no_qual,0.0,0.155667,0.5,0
11,7,0,scale,0.3,2,no_qual,0.0,0.118583,0.5,0
11,8,1,scale,0.3,2,no_qual,0.0,0.116917,0.5,0
11,9,0,scale,0.3,2,no_qual,0.0,0.03075,0.5,0
12,0,0,scale,0.3,2,no_qual,0.0,0.070667,0.5,0
12,1,0,scale,0.3,2,no_qual,0.0,0.106083,0.5,0
12,2,1,scale,0.3,2,no_qual,0.0,0.117333,0.5,0
12,3,1,scale,0.3,2,no_qual,0.0,0.058,0.5,0
12,4,0,scale,0.3,2,no_qual,0.0,0.175833,0.5,0
12,5,0,scale,0.3,2,no_qual,0.0,0.050167,0.5,0
12,6,0,scale,0.3,2,no_qual,0.0,0.155667,0.5,0
12,7,0,scale,0.3,2,no_qual,0.0,0.118583,0.5,0
12,8,1,scale,0.3,2,no_qual,0.0,0.116917,0.5,0
12,9,0,scale,0.3,2,no_qual,0.0,0.03075,0.5,0
13,0,0,scale,0.3,2,no_qual,0.0,0.070667,0.5,0
13,1,0,scale,0.3,2,no_qual,0.0,0.106083,0.5,0
13,2,1,scale,0.3,2,no_qual,0.0,0.117333,0.5,0
13,3,1,scale,0.3,2,no_qual,0.0,0.058,0.5,0
13,4,0,scale,0.3,2,no_qual,0.0,0.175833,0.5,0
13,5,0,scale,0.3,2,no_qual,0.0,0.050167,0.5,0
13,6,0,scale,0.3,2,no_qual,0.0,0.155667,0.5,0
13,7,0,scale,0.3,2,no_qual,0.0,0.118583,0.5,0
13,8,1,scale,0.3,2,no_qual,0.0,0.116917,0.5,0
13,9,0,scale,0.3,2,no_qual,0.0,0.03075,0.5,0
14,0,0,scale,0.3,2,no_qual,0.0,0.070667,0.5,0
14,1,0,scale,0.3,2,no_qual,0.0,0.106083,0.5,0
14,2,1,scale,0.3,2,no_qual,0.0,0.117333,0.5,0
14,3,1,scale,0.3,2,no_qual,0.0,0.058,0.5,0
14,4,0,scale,0.3,2,no_qual,0.0,0.175833,0.5,0
14,5,0,scale,0.3,2,no_qual,0.0,0.050167,0.5,0
14,6,0,scale,0.3,2,no_qual,0.0,0.155667,0.5,0
14,7,0,scale,0.3,2,no_qual,0.0,0.118583,0.5,0
14,8,1,scale,0.3,2,no_qual,0.0,0.116917,0.5,0
14,9,0,scale,0.3,2,no_qual,0.0,0.03075,0.5,0
15,0,0,scale,0.3,2,no_qual,0.0,0.070667,0.5,0
15,1,0,scale,0.3,2,no_qual,0.0,0.106083,0.5,0
15,2,1,scale,0.3,2,no_qual,0.0,0.117333,0.5,0
15,3,1,scale,0.3,2,no_qual,0.0,0.058,0.5,0
15,4,0,scale,0.3,2,no_qual,0.0,0.175833,0.5,0
15,5,0,scale,0.3,2,no_qual,0.0,0.050167,0.5,0
15,6,0,scale,0.3,2,no_qual,0.0,0.155667,0.5,0
15,7,0,scale,0.3,2,no_qual,0.0,0.118583,0.5,0
15,8,1,scale,0.3,2,no_qual,0.0,0.116917,0.5,0
15,9,0,scale,0.3,2,no_qual,0.0,0.03075,0.5,0
16,0,0,scale,0.3,2,no_qual,0.0,0.070667,0.5,0
16,1,0,scale,0.3,2,no_qual,0.0,0.106083,0.5,0
16,2,1,scale,0.3,2,no_qual,0.0,0.117333,0.5,0
16,3,1,scale,0.3,2,no_qual,0.0,0.058,0.5,0
16,4,0,scale,0.3,2,no_qual,0.0,0.175833,0.5,0
16,5,0,scale,0.3,2,no_qual,0.0,0.050167,0.5,0
16,6,0,scale,0.3,2,no_qual,0.0,0.155667,0.5,0
16,7,0,scale,0.3,2,no_qual,0.0,0.118583,0.5,0
16,8,1,scale,0.3,2,no_qual,0.0,0.116917,0.5,0
16,9,0,scale,0.3,2,no_qual,0.0,0.03075,0.5,0
17,0,0,scale,0.3,2,no_qual,0.0,0.070667,0.5,0
17,1,0,scale,0.3,2,no_qual,0.0,0.106083,0.5,0
17,2,1,scale,0.3,2,no_qual,0.0,0.117333,0.5,0
17,3,1,scale,0.3,2,no_qual,0.0,0.058,0.5,0
17,4,0,scale,0.3,2,no_qual,0.0,0.175833,0.5,0
17,5,0,scale,0.3,2,no_qual,0.0,0.050167,0.5,0
17,6,0,scale,0.3,2,no_qual,0.0,0.155667,0.5,0
17,7,0,scale,0.3,2,no_qual,0.0,0.118583,0.5,0
17,8,1,scale,0.3,2,no_qual,0.0,0.116917,0.5,0
17,9,0,scale,0.3,2,no_qual,0.0,0.03075,0.5,0
18,0,0,scale,0.3,2,no_qual,0.0,0.070667,0.5,0
18,1,0,scale,0.3,2,no_qual,0.0,0.106083,0.5,0
18,2,1,scale,0.3,2,no_qual,0.0,0.117333,0.5,0
18,3,1,scale,0.3,2,no_qual,0.0,0.058,0.5,0
18,4,0,scale,0.3,2,no_qual,0.0,0.175833,0.5,0
18,5,0,scale,0.3,2,no_qual,0.0,0.050167,0.5,0
18,6,0,scale,0.3,2,no_qual,0.0,0.155667,0.5,0
18,7,0,scale,0.3,2,no_qual,0.0,0.118583,0.5,0
18,8,1,scale,0.3,2,no_qual,0.0,0.116917,0.5,0
18,9,0,scale,0.3,2,no_qual,0.0,0.03075,0.5,0
19,0,0,scale,0.3,2,no_qual,0.0,0.070667,0.5,0
19,1,0,scale,0.3,2,no_qual,0.0,0.106083,0.5,0
19,2,1,scale,0.3,2,no_qual,0.0,0.117333,0.5,0
19,3,1,scale,0.3,2,no_qual,0.0,0.058,0.5,0
19,4,0,scale,0.3,2,no_qual,0.0,0.175833,0.5,0
19,5,0,scale,0.3,2,no_qual,0.0,0.050167,0.5,0
19,6,0,scale,0.3,2,no_qual,0.0,0.155667,0.5,0
19,7,0,scale,0.3,2,no_qual,0.0,0.118583,0.5,0
19,8,1,scale,0.3,2,no_qual,0.0,0.116917,0.5,0
19,9,0,scale,0.3,2,no_qual,0.0,0.03075,0.5,0
20,0,0,scale,0.3,2,no_qual,0.0,0.070667,0.5,0
20,1,0,scale,0.3,2,no_qual,0.0,0.106083,0.5,0
20,2,1,scale,0.3,2,no_qual,0.0,0.117333,0.5,0
20,3,1,scale,0.3,2,no_qual,0.0,0.058,0.5,0
20,4,0,scale,0.3,2,no_qual,0.0,0.175833,0.5,0
20,5,0,scale,0.3,2,no_qual,0.0,0.050167,0.5,0
20,6,0,scale,0.3,2,no_qual,0.0,0.155667,0.5,0
20,7,0,scale,0.3,2,no_qual,0.0,0.118583,0.5,0
20,8,1,scale,0.3,2,no_qual,0.0,0.116917,0.5,0
20,9,0,scale,0.3,2,no_qual,0.0,0.03075,0.5,0
21,0,0,scale,0.3,2,no_qual,0.0,0.070667,0.5,0
21,1,0,scale,0.3,2,no_qual,0.0,0.106083,0.5,0
21,2,1,scale,0.3,2,no_qual,0.0,0.117333,0.5,0
21,3,1,scale,0.3,2,no_qual,0.0,0.058,0.5,0
21,4,0,scale,0.3,2,no_qual,0.0,0.175833,0.5,0
21,5,0,scale,0.3,2,no_qual,0.0,0.050167,0.5,0
21,6,0,scale,0.3,2,no_qual,0.0,0.155667,0.5,0
21,7,0,scale,0.3,2,no_qual,0.0,0.118583,0.5,0
21,8,1,scale,0.3,2,no_qual,0.0,0.116917,0.5,0
21,9,0,scale,0.3,2,no_qual,0.0,0.03075,0.5,0
22,0,0,scale,0.3,2,no_qual,0.0,0.070667,0.5,0
22,1,0,scale,0.3,2,no_qual,0.0,0.106083,0.5,0
22,2,1,scale,0.3,2,no_qual,0.0,0.117333,0.5,0
22,3,1,scale,0.3,2,no_qual,0.0,0.058,0.5,0
22,4,0,scale,0.3,2,no_qual,0.0,0.175833,0.5,0
22,5,0,scale,0.3,2,no_qual,0.0,0.050167,0.5,0
22,6,0,scale,0.3,2,no_qual,0.0,0.155667,0.5,0
22,7,0,scale,0.3,2,no_qual,0.0,0.118583,0.5,0
22,8,1,scale,0.3,2,no_qual,0.0,0.116917,0.5,0
22,9,0,scale,0.3,2,no_qual,0.0,0.03075,0.5,0
23,0,0,scale,0.3,2,no_qual,0.0,0.070667,0.5,0
23,1,0,scale,0.3,2,no_qual,0.0,0.106083,0.5,0
23,2,1,scale,0.3,2,no_qual,0.0,0.117333,0.5,0
23,3,1,scale,0.3,2,no_qual,0.0,0.058,0.5,0
23,4,0,scale,0.3,2,no_qual,0.0,0.175833,0.5,0
23,5,0,scale,0.3,2,no_qual,0.0,0.050167,0.5,0
23,6,0,scale,0.3,2,no_qual,0.0,0.155667,0.5,0
23,7,0,scale,0.3,2,no_qual,0.0,0.118583,0.5,0
23,8,1,scale,0.3,2,no_qual,0.0,0.116917,0.5,0
23,9,0,scale,0.3,2,no_qual,0.0,0.03075,0.5,0
24,0,0,scale,0.3,2,no_qual,0.0,0.070667,0.5,0
24,1,0,scale,0.3,2,no_qual,0.0,0.106083,0.5,0
24,2,1,scale,0.3,2,no_qual,0.0,0.117333,0.5,0
24,3,1,scale,0.3,2,no_qual,0.0,0.058,0.5,0
24,4,0,scale,0.3,2,no_qual,0.0,0.175833,0.5,0
24,5,0,scale,0.3,2,no_qual,0.0,0.050167,0.5,0
24,6,0,scale,0.3,2,no_qual,0.0,0.155667,0.5,0
24,7,0,scale,0.3,2,no_qual,0.0,0.118583,0.5,0
24,8,1,scale,0.3,2,no_qual,0.0,0.116917,0.5,0
24,9,0,scale,0.3,2,no_qual,0.0,0.03075,0.5,0
25,0,0,scale,0.3,2,no_qual,0.0,0.070667,0.5,0
25,1,0,scale,0.3,2,no_qual,0.0,0.106083,0.5,0
25,2,1,scale,0.3,2,no_qual,0.0,0.117333,0.5,0
25,3,1,scale,0.3,2,no_qual,0.0,0.058,0.5,0
25,4,0,scale,0.3,2,no_qual,0.0,0.175833,0.5,0
25,5,0,scale,0.3,2,no_qual,0.0,0.050167,0.5,0
25,6,0,scale,0.3,2,no_qual,0.0,0.155667,0.5,0
25,7,0,scale,0.3,2,no_qual,0.0,0.118583,0.5,0
25,8,1,scale,0.3,2,no_qual,0.0,0.116917,0.5,0
25,9,0,scale,0.3,2,no_qual,0.0,0.03075,0.5,0
