ablate,algo,alpha,attack,chain_block_hash,chain_block_index,chain_block_size_bytes,chain_chain_latency_s,chain_cumulative_chain_bytes,chain_cumulative_gas,chain_gas,chain_num_records,comm_bytes,dataset,malicious_ratio,partition,round,round_time_s,seed,test_acc,test_loss
full,chainfl,0.5,labelflip,63a4cea48d238a8ca6129561d0a1a2aa5d57b695069f9462f0ae06f7c2ede02c,1,933,2.0758,1080,252264,252264,11,17229600,fmnist,0.3,dirichlet,1,10.193,3,0.368,1.7776
full,chainfl,0.5,labelflip,d17c41d33bb895df1d6b73e8c0af75ad47d18e9ad69605c672c940e15e8d44ed,2,930,2.1211,2010,504528,252264,11,17229600,fmnist,0.3,dirichlet,2,9.996,3,0.643,1.1013
full,chainfl,0.5,labelflip,d456951d6d329e40962ddb108b16090a8e3a69fff1dccc931cd546e21aed559f,3,940,2.2905,2950,756792,252264,11,17229600,fmnist,0.3,dirichlet,3,10.568,3,0.713,0.7956
full,chainfl,0.5,labelflip,cdc026682a00b3bb62cc5b90d31b1c9fef7251dea11a6cbb0e88ff9c6f2ce8d9,4,937,2.2248,3887,1009056,252264,11,17229600,fmnist,0.3,dirichlet,4,9.588,3,0.7455,0.6928
full,chainfl,0.5,labelflip,30c77877a9baa4777613631350740cdc0d1641fca983053b84e553563de4b70c,5,948,2.0784,4835,1261320,252264,11,17229600,fmnist,0.3,dirichlet,5,9.368,3,0.761,0.6406
full,chainfl,0.5,labelflip,43295383a492a370eaf2cf2e155a49bb1508ac1442def5abc474d2e3710bbe26,6,940,2.18,5775,1513584,252264,11,17229600,fmnist,0.3,dirichlet,6,9.476,3,0.7335,0.6563
full,chainfl,0.5,labelflip,a373cb9aa71fdc15625e4dd8a7d3f9def7a116cc280d038db52fb3a32ce58d58,7,950,2.1938,6725,1765848,252264,11,17229600,fmnist,0.3,dirichlet,7,8.587,3,0.7905,0.5894
full,chainfl,0.5,labelflip,313eaf28166a876f1a975a599f308c5fe11ba14633023e4a0c0a99a209ae82a2,8,941,2.098,7666,2018112,252264,11,17229600,fmnist,0.3,dirichlet,8,9.252,3,0.8025,0.5653
full,chainfl,0.5,labelflip,1798f284d6f25970e4527d6d27d4d7db1d44def20ea8c5332f3e656b3976156e,9,948,2.2705,8614,2270376,252264,11,17229600,fmnist,0.3,dirichlet,9,9.33,3,0.8005,0.5497
full,chainfl,0.5,labelflip,301e1bf996d3986793de4919015fbd9ee2f6434cbe8cfdcdd679e1d27baaa991,10,941,2.0842,9555,2522640,252264,11,17229600,fmnist,0.3,dirichlet,10,10.337,3,0.796,0.5489
full,chainfl,0.5,labelflip,248340564cbec0673e31bc88a59c5d52bc9abd4ab9c204c17de6a03701fad2a0,11,949,2.1675,10504,2774904,252264,11,17229600,fmnist,0.3,dirichlet,11,10.532,3,0.7875,0.5671
full,chainfl,0.5,labelflip,ea8c2259427339584e37c50a3381e2f8e7dadb190e8317ac5ddcaa4825fa7439,12,941,2.2051,11445,3027168,252264,11,17229600,fmnist,0.3,dirichlet,12,10.46,3,0.8125,0.5189
full,chainfl,0.5,labelflip,991ecb941c64b471ba6182481a5bc60db13f4a94267a4c474d589dc589919472,13,943,2.1793,12388,3279432,252264,11,17229600,fmnist,0.3,dirichlet,13,10.246,3,0.82,0.5106
full,chainfl,0.5,labelflip,6eb5a7aa9ff3c4afaa1c6a20eb128431773ede7cc56c249339b437b0f0fbc42d,14,941,2.2261,13329,3531696,252264,11,17229600,fmnist,0.3,dirichlet,14,9.611,3,0.8275,0.4933
full,chainfl,0.5,labelflip,30225cd3ba21b5f27df8835d46338d91a88df3e5592b2a145aab37391b4995e2,15,942,2.2715,14271,3783960,252264,11,17229600,fmnist,0.3,dirichlet,15,9.634,3,0.8245,0.5011
full,chainfl,0.5,labelflip,93c86d2da52fe3ceccab877d62c9b57519ff176624725073a95efb8e2d986b4a,16,941,2.337,15212,4036224,252264,11,17229600,fmnist,0.3,dirichlet,16,9.802,3,0.8135,0.5451
full,chainfl,0.5,labelflip,ca73099b4de249e66e71561a370bca758a97da9457729895373ba2288ce341bb,17,940,2.1354,16152,4288488,252264,11,17229600,fmnist,0.3,dirichlet,17,9.531,3,0.8055,0.6316
full,chainfl,0.5,labelflip,26cd663b7dba185de4dfc16bb8aafeafa96eade2695594370bafad39ff513632,18,944,2.2447,17096,4540752,252264,11,17229600,fmnist,0.3,dirichlet,18,8.139,3,0.767,0.7419
full,chainfl,0.5,labelflip,0f8e3c236a145f1a2c9217f4201358446aa0ec1bfb2f0d18fa7c6809b60c8646,19,944,2.259,18040,4793016,252264,11,17229600,fmnist,0.3,dirichlet,19,9.343,3,0.782,0.6943
full,chainfl,0.5,labelflip,7fd7bf8501287ef495abad274ca673c6113fcac360042ca765b3f37394471833,20,943,2.138,18983,5045280,252264,11,17229600,fmnist,0.3,dirichlet,20,8.55,3,0.826,0.5583
full,chainfl,0.5,labelflip,2047dc2e7ace8b4d42ad4adfe744fd23a6fef625f165ed006921d702a36a16fe,21,940,2.0506,19923,5297544,252264,11,17229600,fmnist,0.3,dirichlet,21,8.29,3,0.836,0.5282
full,chainfl,0.5,labelflip,5c10fe98d345f640e6804e23085ee3119fd64942b4e4de0dce143b7e8e62b6fc,22,943,2.3422,20866,5549808,252264,11,17229600,fmnist,0.3,dirichlet,22,8.272,3,0.8375,0.5084
full,chainfl,0.5,labelflip,6be18c631ba4468e4b3b55810c14e362156360e1ff906d36547d0d9d1e4cd08b,23,943,2.1397,21809,5802072,252264,11,17229600,fmnist,0.3,dirichlet,23,8.661,3,0.8375,0.5011
full,chainfl,0.5,labelflip,a1a4c7edb1ff83db1ef837a393247c6542bbbf66903e41c86cac2d0ae218a719,24,938,2.1443,22747,6054336,252264,11,17229600,fmnist,0.3,dirichlet,24,8.435,3,0.83,0.5093
full,chainfl,0.5,labelflip,dad4e89b1c80897ef2cefddb4faab0641ced3d02bb1c1aa0835a9ad499e2f2b4,25,940,2.3176,23687,6306600,252264,11,17229600,fmnist,0.3,dirichlet,25,8.257,3,0.8315,0.5443
