ablate,algo,alpha,attack,comm_bytes,dataset,malicious_ratio,partition,round,round_time_s,seed,test_acc,test_loss
full,flame,0.5,minmax,17229600,mnist,0.2,dirichlet,1,8.888,0,0.3395,2.0377
full,flame,0.5,minmax,17229600,mnist,0.2,dirichlet,2,6.894,0,0.555,1.3892
full,flame,0.5,minmax,17229600,mnist,0.2,dirichlet,3,6.518,0,0.832,0.6874
full,flame,0.5,minmax,17229600,mnist,0.2,dirichlet,4,6.443,0,0.881,0.4194
full,flame,0.5,minmax,17229600,mnist,0.2,dirichlet,5,6.68,0,0.868,0.4239
full,flame,0.5,minmax,17229600,mnist,0.2,dirichlet,6,6.684,0,0.878,0.3828
full,flame,0.5,minmax,17229600,mnist,0.2,dirichlet,7,6.721,0,0.875,0.3815
full,flame,0.5,minmax,17229600,mnist,0.2,dirichlet,8,6.743,0,0.879,0.3795
full,flame,0.5,minmax,17229600,mnist,0.2,dirichlet,9,6.447,0,0.911,0.2785
full,flame,0.5,minmax,17229600,mnist,0.2,dirichlet,10,6.745,0,0.9045,0.2798
full,flame,0.5,minmax,17229600,mnist,0.2,dirichlet,11,6.807,0,0.9175,0.2527
full,flame,0.5,minmax,17229600,mnist,0.2,dirichlet,12,6.861,0,0.9155,0.2601
full,flame,0.5,minmax,17229600,mnist,0.2,dirichlet,13,6.809,0,0.911,0.2665
full,flame,0.5,minmax,17229600,mnist,0.2,dirichlet,14,6.97,0,0.91,0.2772
full,flame,0.5,minmax,17229600,mnist,0.2,dirichlet,15,6.786,0,0.914,0.2528
full,flame,0.5,minmax,17229600,mnist,0.2,dirichlet,16,6.675,0,0.938,0.1935
full,flame,0.5,minmax,17229600,mnist,0.2,dirichlet,17,6.622,0,0.932,0.2114
full,flame,0.5,minmax,17229600,mnist,0.2,dirichlet,18,6.778,0,0.9405,0.1808
full,flame,0.5,minmax,17229600,mnist,0.2,dirichlet,19,6.626,0,0.9375,0.1907
full,flame,0.5,minmax,17229600,mnist,0.2,dirichlet,20,6.365,0,0.935,0.203
full,flame,0.5,minmax,17229600,mnist,0.2,dirichlet,21,6.584,0,0.934,0.2049
full,flame,0.5,minmax,17229600,mnist,0.2,dirichlet,22,6.825,0,0.94,0.1821
full,flame,0.5,minmax,17229600,mnist,0.2,dirichlet,23,6.952,0,0.9415,0.1819
full,flame,0.5,minmax,17229600,mnist,0.2,dirichlet,24,6.703,0,0.937,0.2014
full,flame,0.5,minmax,17229600,mnist,0.2,dirichlet,25,6.43,0,0.9305,0.225
